relative_path	bytes	sha256
algorithm_rules/dota2_tactical_event_recognition_algorithms_v1.9_20260609.xlsx	28336	C094C861CB8206A0BDCA86C57315A21A4D9F51570BC3888CB64F7EB71AB4A643
algorithm_rules/previews/人工修改入口.png	86927	E369CD568FF31BB425169BD2F9511A14DE2D9DD2EABFE735FB4637D9E2FCE9CE
algorithm_rules/previews/参数阈值.png	232090	B80927B9B35783B7FF4355FF58A37597637E596F345D46B6796A6C57F65F43EB
algorithm_rules/previews/合并去重.png	246671	76748290DFF9FA310072D2E6300E8A3638F7C9043CF9F17F870EE1620CE5713B
algorithm_rules/previews/处理流程.png	255018	E9FB26693C0210BB5273B9FCA7D5A43FEA8F2ECA132464DFC72628CA96BCA267
algorithm_rules/previews/数据源字段.png	152251	771458DEA409AF8B37EC24DCCE695B54D8A5AA77E5131C61EA8399FA635A1A11
algorithm_rules/previews/标签算法.png	390161	2EAD7F0BC7E2957E01C46E628151A52430B3FAD24ED39AC85FE649C8FE0CDE3B
algorithm_rules/previews/版本说明.png	79609	952A0686359F4638A8F9C557818B01D8083BF3666C7A69ABB61AB70390E59D04
algorithm_rules/previews/输出格式.png	69399	55AA79E2D1314E82F2DCB2B75DCA363CD8FBC3749EAC232120EFD6A108D4509D
definitions/dota2_tactical_event_definitions_v1.9_20260609.md	17862	4488F9E51D73C3919D4784D155E11D6A6BBF71527B41AFE5E8C19D9D15EA7B2F
definitions/dota2_tactical_event_definitions_v1.9_20260609.xlsx	15272	829C927FA6C9DDE66CECF49CB97E2505153741EE5C22E197020BEE2317250025
final_excels/战术事件_8825993964.xlsx	14857	5527D751743DB61B8FB68CF90188FBCD815A1492EB89FA817DB0BFC3F4D4FC7C
final_excels/战术事件_8825996999.xlsx	13083	D9E435745207389813DE473FF40B9297709C5B9C81EE6303B9A14D3806353C7B
final_excels/战术事件_8826042346.xlsx	11754	EC698162BDBD64E52FFE856F623688CB7883D5D7CDBC3D909B422887FCB16D74
final_excels/战术事件_8826052816.xlsx	13318	A7FEF9AA83576EB98056ECDC16931044114CDD3512F7AED4165B081489561E4F
final_excels/战术事件_8826099852.xlsx	17214	4AF01A63DFD8A1AEDC0D143CA5902F600625025906E20876331660E1BD111F2E
outputs/algorithm_v1.9_previews/人工修改入口.png	86927	E369CD568FF31BB425169BD2F9511A14DE2D9DD2EABFE735FB4637D9E2FCE9CE
outputs/algorithm_v1.9_previews/参数阈值.png	232090	B80927B9B35783B7FF4355FF58A37597637E596F345D46B6796A6C57F65F43EB
outputs/algorithm_v1.9_previews/合并去重.png	246671	76748290DFF9FA310072D2E6300E8A3638F7C9043CF9F17F870EE1620CE5713B
outputs/algorithm_v1.9_previews/处理流程.png	255018	E9FB26693C0210BB5273B9FCA7D5A43FEA8F2ECA132464DFC72628CA96BCA267
outputs/algorithm_v1.9_previews/数据源字段.png	152251	771458DEA409AF8B37EC24DCCE695B54D8A5AA77E5131C61EA8399FA635A1A11
outputs/algorithm_v1.9_previews/标签算法.png	390161	2EAD7F0BC7E2957E01C46E628151A52430B3FAD24ED39AC85FE649C8FE0CDE3B
outputs/algorithm_v1.9_previews/版本说明.png	79609	952A0686359F4638A8F9C557818B01D8083BF3666C7A69ABB61AB70390E59D04
outputs/algorithm_v1.9_previews/输出格式.png	69399	55AA79E2D1314E82F2DCB2B75DCA363CD8FBC3749EAC232120EFD6A108D4509D
outputs/dota2_tactical_event_definitions_v1.8_20260609.md	16606	52ACC1976C24FB4FEF4810A01F0FCC0A1CD2023EED99F1A2F5827E79225589D1
outputs/dota2_tactical_event_definitions_v1.8_20260609.xlsx	14747	CEBF155141819D6DB3E3D3547265290B770294D2DF38F32B532547D24CE9AEAD
outputs/dota2_tactical_event_definitions_v1.9_20260609.md	17862	4488F9E51D73C3919D4784D155E11D6A6BBF71527B41AFE5E8C19D9D15EA7B2F
outputs/dota2_tactical_event_definitions_v1.9_20260609.xlsx	15272	829C927FA6C9DDE66CECF49CB97E2505153741EE5C22E197020BEE2317250025
outputs/dota2_tactical_event_definitions_v1.9_preview.png	401241	5DBD229C08D4E9EEA30235AA33DADDF93362466ED5FA8E30E290D58D617B6D27
outputs/dota2_tactical_event_recognition_algorithms_v1.9_20260609.xlsx	28336	C094C861CB8206A0BDCA86C57315A21A4D9F51570BC3888CB64F7EB71AB4A643
outputs/tactical_events_8825993964/tactical_events_8825993964_event_table_clean_v1.8.json	51384	F2576C805215408CD747A315795C2084F482778FF888C3CEEE3F54A23D4A3442
outputs/tactical_events_8825993964/tactical_events_8825993964_event_table_clean_v1.8_mapping.json	1237	F30B26221453BDC40192554942E2A4013EBFA5809FDF7CF06379E5CAACDD0BE9
outputs/tactical_events_8825993964/tactical_events_8825993964_event_table_clean_v1.9.csv	25192	40CCB8B84E2DD9E1CC66EEDD1F2CBA5BC429141D5237397EDF16E416C219A4AF
outputs/tactical_events_8825993964/tactical_events_8825993964_event_table_clean_v1.9.json	50805	8BB4ABCA0173D668AD79443A341B5FD55BD0C3DAD99CDC2D854C300FB0CD7881
outputs/tactical_events_8825993964/tactical_events_8825993964_event_table_clean_v1.9.md	29173	9DC33BE9764F70CFE1F71EFEBB3D3289592819B86815CB2CB4B8BDC241E0EE2A
outputs/tactical_events_8825993964/tactical_events_8825993964_event_table_clean_v1.9_mapping.json	856	F8C81AF9E69B7B5CA606BB221916C1F6F6B011E47272426FE3A1BBAA49E5AD36
outputs/tactical_events_8825993964/tactical_events_8825993964_v1.5.json	122988	359A9863109A1F5FA06C049059148D914C4660AB15B74AFB5BD866AE9DB23414
outputs/tactical_events_8825993964/tactical_events_8825993964_v1.5_v1_9_tactical_table.xlsx	14857	5527D751743DB61B8FB68CF90188FBCD815A1492EB89FA817DB0BFC3F4D4FC7C
outputs/tactical_events_8825996999/tactical_events_8825996999_event_table_clean_v1.8.json	41221	387F3358783E3A122D8862E9A1C90609DDF41328CB03D6637A33CE83C74DADCA
outputs/tactical_events_8825996999/tactical_events_8825996999_event_table_clean_v1.8_mapping.json	539	86D793F8C5F807AA8FA46A813E47A5C8B8D2784B8EC7A27B9F40B45C96743CFD
outputs/tactical_events_8825996999/tactical_events_8825996999_event_table_clean_v1.9.csv	21144	1AEE39F6F45154A5E8659AE80F6866F4C7F3FD3E79B6FD75DBCB6DD488C2F717
outputs/tactical_events_8825996999/tactical_events_8825996999_event_table_clean_v1.9.json	40573	53F494F5A8EDE656F03DAC69F27BD1014E8714AC08AEB5E91155BBD6F98C87E4
outputs/tactical_events_8825996999/tactical_events_8825996999_event_table_clean_v1.9.md	24408	C0BB58F4080CA223C69CBA59CEA0B8BBA70F24EAE1E2A59BE853891BD9760EC1
outputs/tactical_events_8825996999/tactical_events_8825996999_event_table_clean_v1.9_mapping.json	843	CA97F1D943781CEE6D7BCDB0F661F89C5917859855C6DB1E43E748DD958C841B
outputs/tactical_events_8825996999/tactical_events_8825996999_v1.5.json	91025	54C083C328EB8C4548DA6B9864037E7D8AC023152F3D0807D46E502C38FB2E01
outputs/tactical_events_8825996999/tactical_events_8825996999_v1.5_v1_9_tactical_table.xlsx	13083	D9E435745207389813DE473FF40B9297709C5B9C81EE6303B9A14D3806353C7B
outputs/tactical_events_8826042346/tactical_events_8826042346_event_table_clean_v1.8.json	33443	B8201B252E84017F71C6A0DDD45D40BCF68F89DDEFC3E3375D77A5DACE870528
outputs/tactical_events_8826042346/tactical_events_8826042346_event_table_clean_v1.8_mapping.json	305	F2C5B63BD1D6441C1CF62218588DF59F7692D38CF9581D4ED19EB9B27E13B990
outputs/tactical_events_8826042346/tactical_events_8826042346_event_table_clean_v1.9.csv	17106	BA8561305995F1D6F42EFC7DB1D3A3B2A906596B741BFD2609C1724569C5D68A
outputs/tactical_events_8826042346/tactical_events_8826042346_event_table_clean_v1.9.json	33443	48279B925CFCD7F51AFB986D2C87FE236026E947BB51BC4600A24137F0007403
outputs/tactical_events_8826042346/tactical_events_8826042346_event_table_clean_v1.9.md	19639	0F14EE7AD9D8A62ED09980F3670DB15E78A359B9801AC3725056AFA26BBAB41D
outputs/tactical_events_8826042346/tactical_events_8826042346_event_table_clean_v1.9_mapping.json	32	548A921AAD6666100C50175F0EB71A6B6A6674000D46890E93F8AC033F959E0E
outputs/tactical_events_8826042346/tactical_events_8826042346_v1.5.json	76238	8D232805F9538F4B93FDC5D71C9AA58C9B3F244BB87BE1A48C7D9F1EEAD6D469
outputs/tactical_events_8826042346/tactical_events_8826042346_v1.5_v1_9_tactical_table.xlsx	11754	EC698162BDBD64E52FFE856F623688CB7883D5D7CDBC3D909B422887FCB16D74
outputs/tactical_events_8826052816/tactical_events_8826052816_event_table_clean_v1.8.json	43797	678A93322558F23FCDD63579C6289FBB3B5E57A1D222E128E55EBFC788F3539A
outputs/tactical_events_8826052816/tactical_events_8826052816_event_table_clean_v1.8_mapping.json	541	D34022921780681DDDC0ACF2C2BF34B2385265A6F872042981A1E4DEC7196460
outputs/tactical_events_8826052816/tactical_events_8826052816_event_table_clean_v1.9.csv	21951	69AAE9A47C540DDF9F91D6187016F65E62BC156FD24273A69863AA0456218437
outputs/tactical_events_8826052816/tactical_events_8826052816_event_table_clean_v1.9.json	43218	07EE17038B5F2D59387C6290047845CFE8378CD0658B1B238EF57D2525A781C7
outputs/tactical_events_8826052816/tactical_events_8826052816_event_table_clean_v1.9.md	25342	DE20EE3E88B3050CF2C92029BDC5AEFE601CECB4E29680377DA45B6CB571A68D
outputs/tactical_events_8826052816/tactical_events_8826052816_event_table_clean_v1.9_mapping.json	814	77546B97796C25E4A3BB42703DA139DC6AEB83B3765AFD7E25B3F920DDD183BA
outputs/tactical_events_8826052816/tactical_events_8826052816_v1.5.json	106290	CD1F72392148DCF7E1C37FC7FCB4F588CB8ACBE06085A965049062A0C16B5521
outputs/tactical_events_8826052816/tactical_events_8826052816_v1.5_v1_9_tactical_table.xlsx	13318	A7FEF9AA83576EB98056ECDC16931044114CDD3512F7AED4165B081489561E4F
outputs/tactical_events_8826099852/tactical_events_8826099852_event_table_clean_v1.8.json	66334	3A9D71930CA033E108AB5B2B2208AD0F5DEE20729BD54591ADC1FC1787A21BC8
outputs/tactical_events_8826099852/tactical_events_8826099852_event_table_clean_v1.8_mapping.json	1806	B07EE8908786A1B5983EE94F2C6060174C0DC8FC6FA6A381641C0D3D12BD233C
outputs/tactical_events_8826099852/tactical_events_8826099852_event_table_clean_v1.9.csv	34707	3CCE015539950544A24DB9E52E35688E6BC256C3541FF66BF9955736CBC1B1CF
outputs/tactical_events_8826099852/tactical_events_8826099852_event_table_clean_v1.9.json	66037	D6098917C58B7DC347C237A703793A8CB1506F1EE8390521060CEE26D481620E
outputs/tactical_events_8826099852/tactical_events_8826099852_event_table_clean_v1.9.md	39133	3751020B5A75B860F85A90ED7EAE891B239A0079AA1EE021005F986FFDAFA18F
outputs/tactical_events_8826099852/tactical_events_8826099852_event_table_clean_v1.9_mapping.json	415	1BD583817D83B02B7DB68F8204D51CC40B73C4655285D5FF91204BB958DC3165
outputs/tactical_events_8826099852/tactical_events_8826099852_v1.5.json	163881	D200A41DD5C1B47E97E4A4B6E5F000FFA9FEC91D80AE38A83F87DB593BAF255E
outputs/tactical_events_8826099852/tactical_events_8826099852_v1.5_v1_9_tactical_table.xlsx	17214	4AF01A63DFD8A1AEDC0D143CA5902F600625025906E20876331660E1BD111F2E
outputs/战术事件_序号1-5_v1.9/战术事件_8825993964.xlsx	14857	5527D751743DB61B8FB68CF90188FBCD815A1492EB89FA817DB0BFC3F4D4FC7C
outputs/战术事件_序号1-5_v1.9/战术事件_8825996999.xlsx	13083	D9E435745207389813DE473FF40B9297709C5B9C81EE6303B9A14D3806353C7B
outputs/战术事件_序号1-5_v1.9/战术事件_8826042346.xlsx	11754	EC698162BDBD64E52FFE856F623688CB7883D5D7CDBC3D909B422887FCB16D74
outputs/战术事件_序号1-5_v1.9/战术事件_8826052816.xlsx	13318	A7FEF9AA83576EB98056ECDC16931044114CDD3512F7AED4165B081489561E4F
outputs/战术事件_序号1-5_v1.9/战术事件_8826099852.xlsx	17214	4AF01A63DFD8A1AEDC0D143CA5902F600625025906E20876331660E1BD111F2E
README_使用说明.md	1426	AB5D99FA3DB3C28FC889CBAD976C62FFE7C5F4A5D0D34ACEBB94DB6FDFC1B796
work/build_tactical_event_algorithms_v1_9.mjs	38794	1F4735D96BEA850E9837E01015019D5FA3CDD77203B49991D3D93EC923CE4D53
work/build_tactical_event_definitions_v1_8.mjs	7947	4509D73172AB81F5D75EF9659D5C7702F59BAF16EBE589981600816B5FEDE56D
work/build_tactical_event_definitions_v1_9.mjs	6909	55619CDA82AD0BCF584BDC89710F551FBF4EDFB85EDBA6B786CC9FBC65CAC2CC
work/build_tactical_table_v1_5.js.mjs	5923	DF949405ED2FF58C1B2173D842EFFE719FFC8D93B8B75D11B7C33110BB8108C0
work/diagnose_adjacent_combats_v1_9.py	6503	63FE2D378C45B64D6403F106CC385FCE543F3E4E6F7559C6C2AD993D9F666DE6
work/postprocess_tactical_events_v1_8.py	13066	B6519CE4A71C24FC906B16858824DC69407EF26FFB5AB1452320FD66EE6BA6BE
work/postprocess_tactical_events_v1_9.py	8390	AFEA3E8BD63ED6E4B20564A450479CC70FFD3B7084D0F387FA0A7D6AE8D5A481
work/verify_tactical_event_algorithms_v1_9.py	2268	BA9A66D18DDEAD545BBB548F803ED2EE58E183A66342D14842A3385F44B2A653
work/verify_v1_9_outputs.py	5915	B1B10C89B451EAF31226A783E290C7C35A37FB57C0F3F28E86F716651491A4FD
